Date,question_to,member_id
15/11/2024,"Minister of Trade, Industry and Competition",1923
20/09/2024,Minister of Cooperative Governance and Traditional Affairs,2121
10/12/2024,Minister of Finance,1923
10/12/2024,Minister of Finance,1357
06/09/2024,Minister of International Relations and Cooperation,2229
01/11/2024,"Minister of Sport, Arts and Culture",740
04/12/2024,"Minister of Sport, Arts and Culture",1844
26/02/2025,Minister of Small Business Development,1300
26/02/2025,Minister of Small Business Development,2336
26/02/2025,Minister of Small Business Development,2082
30/10/2024,Minister of Social Development,712
01/08/2024,Minister of Employment and Labour,2109
17/10/2024,Minister of Justice and Constitutional Development,2044
15/08/2024,Minister of Justice and Constitutional Development,1329
04/12/2024,"Minister of Sport, Arts and Culture",1844
12/11/2024,Minister of Water and Sanitation,1404
29/07/2024,Minister of Water and Sanitation,1404
06/01/2025,Minister of Human Settlements,1803
28/10/2024,Minister of Human Settlements,1421
13/09/2024,Minister of Tourism,1268
05/12/2024,Minister of Home Affairs,711
15/10/2024,Minister of Home Affairs,2059
08/01/2025,Minister of Electricity and Energy,1853
09/09/2024,Minister of Home Affairs,951
06/09/2024,Minister of Home Affairs,1272
12/12/2024,Minister of Water and Sanitation,536
19/11/2024,Minister of Public Service and Administration,1371
30/08/2024,Minister of Mineral and Petroleum Regulation,1872
30/09/2024,"Minister of Planning, Monitoring and Evaluation",1930
13/12/2024,Minister of Tourism,2095
18/11/2024,Minister of Higher Education and Training,644
20/12/2024,Minister of Land Reform and Rural Development,1421
19/02/2025,"Minister of Forestry, Fisheries and the Environment",951
20/02/2025,Minister of Human Settlements,1803
20/02/2025,Minister of Human Settlements,2059
11/12/2024,Minister of Water and Sanitation,471
24/12/2024,Minister of International Relations and Cooperation,2059
13/12/2024,Minister of International Relations and Cooperation,2032
01/11/2024,Minister of Cooperative Governance and Traditional Affairs,770
02/12/2024,Minister of Water and Sanitation,471
27/09/2024,Minister of Transport,1350
16/09/2024,Minister of Human Settlements,1733
01/11/2024,Minister of Transport,559
23/12/2024,President of the Republic,1268
01/11/2024,Minister of Social Development,1275
06/09/2024,Minister of Health,1275
17/12/2024,Minister of Police,559
15/10/2024,Minister in the Presidency,1763
08/01/2025,Minister of Police,951
23/12/2024,Minister of Basic Education,1275
01/10/2024,Minister of Defence and Military Veterans,829
20/02/2025,Minister of Water and Sanitation,2102
31/10/2024,Minister of Water and Sanitation,1777
11/12/2024,Minister of Water and Sanitation,471
09/10/2024,Minister in the Presidency,1763
19/09/2024,Minister of Home Affairs,1375
08/10/2024,Minister of Justice and Constitutional Development,1275
25/09/2024,Minister of Justice and Constitutional Development,2018
20/12/2024,Minister of Transport,1936
03/01/2025,Minister of Police,2019
26/02/2025,Minister of Higher Education and Training,1776
29/10/2024,"Minister of Science, Technology and Innovation",1776
23/09/2024,Minister of Water and Sanitation,1404
20/12/2024,"Minister of Planning, Monitoring and Evaluation",2082
21/02/2025,Minister of Basic Education,2076
21/02/2025,Minister of Basic Education,1774
21/02/2025,Minister of Basic Education,1329
21/02/2025,Minister of Basic Education,2059
20/02/2025,Minister of Basic Education,481
19/02/2025,Minister of Basic Education,1329
19/02/2025,Minister of Basic Education,1329
17/10/2024,Minister of Justice and Constitutional Development,1999
06/01/2025,Minister of Justice and Constitutional Development,2102
16/09/2024,Minister of Home Affairs,1375
29/10/2024,"Minister of Science, Technology and Innovation",1776
28/10/2024,Minister of Human Settlements,951
22/10/2024,Minister of Water and Sanitation,1999
21/02/2025,Minister of Police,1803
18/12/2024,Minister of Justice and Constitutional Development,2018
21/02/2025,Minister of Police,65
02/01/2025,"Minister of Planning, Monitoring and Evaluation",1936
07/01/2025,Minister in the Presidency,2134
30/09/2024,Minister of Land Reform and Rural Development,1421
06/09/2024,Minister of International Relations and Cooperation,2032
29/11/2024,Minister of Agriculture,712
08/11/2024,Minister of Agriculture,462
14/10/2024,Minister of Agriculture,2059
03/10/2024,Minister of Agriculture,1421
04/10/2024,Minister of Tourism,1268
06/12/2024,Minister of Health,1777
26/09/2024,Mineral and Petroleum Resources,1642
06/01/2025,Minister of Human Settlements,1803
18/12/2024,Minister of Agriculture,1421
31/10/2024,Minister of Water and Sanitation,471
03/12/2024,Minister of Home Affairs,1421
05/09/2024,"Minister of Planning, Monitoring and Evaluation",1515
06/01/2025,Minister of Justice and Constitutional Development,2044
04/10/2024,Minister of Police,1872
08/01/2025,Minister of Police,2043
06/01/2025,Minister of Police,481
04/10/2024,Minister of Police,2003
12/09/2024,Minister of Home Affairs,1375
13/08/2024,Minister of Police,2048
01/10/2024,Minister of Home Affairs,1375
26/11/2024,Minister of Basic Education,640
27/12/2024,Minister of Police,1268
30/12/2024,Minister of Police,2018
27/11/2024,Minister of Defence and Military Veterans,596
18/11/2024,Minister of Water and Sanitation,1404
29/07/2024,Minister of Water and Sanitation,1404
04/10/2024,Minister of Water and Sanitation,1997
06/01/2025,"Minister of Trade, Industry and Competition",701
20/02/2025,Minister of Mineral and Petroleum Resources,65
12/02/2025,Minister of Public Works and Infrastructure,1936
04/12/2024,Minister of Higher Education and Training,1776
25/09/2024,Minister of Justice and Constitutional Development,2018
15/11/2024,Minister of Health,1275
02/12/2024,Minister of International Relations and Cooperation,1421
08/11/2024,"Minister of Sport, Arts and Culture",1844
16/09/2024,Minister of Transport,2102
18/09/2024,"Minister of Forestry, Fisheries and the Environment",1936
15/11/2024,Minister of International Relations and Cooperation,2032
31/12/2024,Minister of Agriculture,1421
20/12/2024,Minister of Agriculture,1421
08/01/2025,Minister of Public Works and Infrastructure,1999
02/12/2024,Minister of Water and Sanitation,471
06/01/2025,Minister of Justice and Constitutional Development,494
29/11/2024,Minister of Justice and Constitutional Development,2003
19/09/2024,Minister of Justice and Constitutional Development,1275
08/10/2024,Minister of Justice and Constitutional Development,1872
03/01/2025,Minister of Land Reform and Rural Development,462
29/11/2024,Minister of Land Reform and Rural Development,1429
05/08/2024,Minister of Land Reform and Rural Development,1803
02/10/2024,Minister of Justice and Constitutional Development,2018
19/02/2025,Minister of Basic Education,640
19/02/2025,Minister of Basic Education,1329
21/10/2024,Minister of Basic Education to ask the Minister of Basic Education,889
02/10/2024,Minister of Employment and Labour,1718
27/09/2024,Minister in The Presidency,711
14/10/2024,Minister of Human Settlements,1733
06/01/2025,Minister of Human Settlements,1304
27/11/2024,"Minister of Sport, Arts and Culture",740
11/11/2024,"Minister of Sport, Arts and Culture",740
09/09/2024,"Minister of Sport, Arts and Culture",2064
21/10/2024,Minister of Basic Education to ask the Minister of Basic Education,1718
19/09/2024,Minister of Justice and Constitutional Development,494
03/10/2024,Minister of Human Settlements,1304
20/12/2024,Minister of Land Reform and Rural Development,1328
22/08/2024,Minister of Defence and Military Veterans,2128
12/12/2024,Minister of Water and Sanitation,471
21/02/2025,Minister of Finance,2038
05/12/2024,"Minister of Trade, Industry and CompetitionCompetition",701
21/02/2025,Minister of Police,2019
03/01/2025,Minister of Land Reform and Rural Development,462
23/09/2024,Minister of Water and Sanitation,1404
11/12/2024,Minister of Water and Sanitation,1777
06/01/2025,Minister of Justice and Constitutional Development,1777
06/01/2025,Minister of Human Settlements,1803
23/10/2024,Minister of Basic Education,889
22/10/2024,Minister of Basic Education to ask the Minister of Basic Education,889
04/09/2024,Minister of Water and Sanitation,1404
20/02/2025,Minister of Police,153
27/11/2024,Deputy President,559
17/12/2024,Minister of Police,2043
13/12/2024,Minister of Justice and Constitutional Development,1803
20/02/2025,Minister of Mineral and Petroleum Resources,65
25/10/2024,Minister of Higher Education,644
11/12/2024,Minister of Mineral and Petroleum Resources,2009
02/12/2024,Minister of Water and Sanitation,471
30/10/2024,Minister of Water and Sanitation,471
02/12/2024,Minister of International Relations and Cooperation,2128
13/09/2024,Minister of Mineral and Petroleum Resources Mr,1872
11/12/2024,Mineral and Petroleum Resources Mr,1098
05/08/2024,Minister of Agriculture,462
22/10/2024,Minister of Basic Education,640
04/10/2024,Minister of Water and Sanitation,640
30/09/2024,Minister of Police,1872
06/01/2025,"Minister of Trade, Industry and Competition",701
01/11/2024,"Minister of Trade, Industry and Competition",701
03/12/2024,Minister in the Presidency,1999
28/11/2024,Minister of Land Reform and Rural Development,916
17/12/2024,Minister of Justice and Constitutional Development,829
20/12/2024,Minister of Water and Sanitation,2076
25/02/2025,Minister of Finance,2078
23/08/2024,Minister of Cooperative Governance and Traditional Affairs,481
27/12/2024,Minister of Police,2019
17/12/2024,Minister of Police,2076
06/09/2024,Minister of Police,1915
01/11/2024,Minister of Cooperative Governance and Traditional Affairs,625
16/10/2024,"Minister of Trade, Industry and Competition",701
05/08/2024,Minister of Land Reform and Rural Development,1803
02/12/2024,Minister of Agriculture,1421
11/10/2024,Minister of Land Reform and Rural Development,1421
14/10/2024,Minister of Agriculture,1915
07/01/2025,"Minister of Women, Youth and Persons with Disabilities",2076
30/07/2024,Minister of Land Reform and Rural Development,1421
08/11/2024,Minister of Electricity and Energy,1936
06/01/2025,Minister of Police,1268
04/12/2024,"Minister of Sport, Arts and Culture",1844
18/09/2024,Mineral and Petroleum Resources Ms,1642
07/01/2025,Minister of Defence and Military Veterans,829
30/10/2024,Minister of Defence and Military Veterans,829
01/10/2024,Minister of Defence and Military Veterans,829
28/11/2024,Minister of Land Reform and Rural Development,462
10/12/2024,Minister of Home Affairs,2059
27/12/2024,Minister of Police,2019
15/10/2024,Minister in the Presidency,1763
30/10/2024,Minister of Social Development,1275
05/09/2024,Minister of Tourism,1268
04/10/2024,Minister of Water and Sanitation,1404
28/10/2024,"Minister of Sport, Arts and Culture",1300
21/02/2025,Minister of Finance,2078
06/01/2025,"Minister of Trade, Industry and Competition",1776
28/11/2024,"Minister of Trade, Industry and Competition",1776
25/10/2024,"Minister of Sport, Arts and Culture",880
11/09/2024,Minister of Basic Education,482
14/10/2024,Minister of Agriculture,1421
17/09/2024,Minister of Finance,559
09/12/2024,Minister of Human Settlements,1304
06/09/2024,Mineral and Petroleum Resource,732
13/09/2024,Minister of Mineral and Petroleum Resources Mr,1872
20/12/2024,"Minister of Forestry, Fisheries and the Environment",1936
23/12/2024,Minister of Small Business Development,536
07/10/2024,Minister of Agriculture,711
06/01/2025,Minister of Basic Education,640
08/10/2024,Minister of Justice and Constitutional Development,1872
18/12/2024,Minister of Basic Education,640
19/12/2024,Minister of Public Service and Administration,2061
17/12/2024,Minister of Police,2019
20/11/2024,Minister of Home Affairs,1375
22/11/2024,Minister of International Relations and Cooperation,711
11/10/2024,Minister of Electricity and Energy,804
12/11/2024,Minister of Health,1275
05/09/2024,Minister of Tourism,1763
08/01/2025,Minister of Police,2043
08/01/2025,Minister of Police,2043
05/09/2024,Minister of Tourism,1268
18/11/2024,Minister of Water and Sanitation,471
06/09/2024,Minister of Health,1915
23/12/2024,Minister of Police,1774
23/12/2024,Minister of Police,2019
17/12/2024,Minister of Police,2019
02/10/2024,Minister of Justice and Constitutional Development,2018
12/09/2024,Minister of Sport Arts and Culture,2062
06/01/2025,Minister of Public Service and Administration,2085
16/09/2024,"Minister of Sport, Arts and Culture",2064
03/12/2024,Minister of Land Reform and Rural Development,2229
18/09/2024,Minister of Social Development,712
06/09/2024,Minister of Health,1377
31/10/2024,Minister of Social Development,1844
06/09/2024,Minister of Health,2009
03/12/2024,Minister of Basic Education,2076
03/12/2024,Minister of Basic Education,640
01/11/2024,Minister of Tourism,1777
03/10/2024,minister of Trade. Industry and Competition,701
10/09/2024,Minister of Home Affairs,1375
01/11/2024,Minister of Tourism,1268
01/11/2024,Minister of Tourism,1329
06/01/2025,Minister of Justice and Constitutional Development,1989
04/10/2024,Minister of Tourism,1268
02/12/2024,Minister of Water and Sanitation,1777
01/11/2024,Minister of Agriculture,1328
24/12/2024,Minister of Social Development,1985
25/02/2025,Minister of Finance,1777
03/01/2025,Minister of Defence and Military Veterans,596
07/01/2025,Minister of Defence and Military Veterans,2109
03/12/2024,Minister of Basic Education,1421
19/12/2024,Minister of Defence and Military Veterans,829
10/12/2024,Minister of Basic Education,2076
19/09/2024,Minister of Home Affairs,1375
29/11/2024,Minister of Justice and Constitutional Development,2003
20/09/2024,Minister of Transport,880
20/09/2024,Minister of Transport,880
04/10/2024,Minister of Water and Sanitation,1404
21/10/2024,Minister of Defence and Military Veterans,829
23/12/2024,Minister of Basic Education,889
18/12/2024,Minister of Basic Education,2076
27/09/2024,Minister of Police,1275
03/01/2025,Minister of Defence and Military Veterans,829
04/12/2024,Minister of Water and Sanitation,640
11/12/2024,Minister of Mineral and Petroleum Resources Mr,2048
03/10/2024,"Minister of Trade, Industry and Competition",701
21/10/2024,Minister of Basic Education to ask the Minister of Basic Education,640
23/09/2024,Minister of Justice and Constitutional Development,494
03/10/2024,"Minister of Trade, Industry and Competition",1350
05/09/2024,Minister of Tourism,740
13/12/2024,Minister of Finance,2134
17/10/2024,"Minister of Women, Youth and Persons with Disabilities",868
17/10/2024,"Minister of Women, Youth and Persons with Disabilities",313
02/12/2024,Minister of Water and Sanitation,536
28/11/2024,Minister of Public Works and Infrastructure,2062
22/10/2024,Minister of Public Works and Infrastructure,1364
27/12/2024,Minister of Home Affairs,1989
05/08/2024,Minister of Agriculture,1421
05/08/2024,Minister of Agriculture,1421
04/10/2024,Minister of Water and Sanitation,1777
29/11/2024,Minister of Justice and Constitutional Development,2003
18/12/2024,Minister of Basic Education,640
21/10/2024,Minister of Basic Education,1803
08/10/2024,Minister of Justice and Constitutional Development,1872
19/09/2024,Minister of Home Affairs,2059
29/07/2024,Minister of Water and Sanitation,1763
04/10/2024,Minister of Police,1275
04/10/2024,Minister of Police,1872
06/01/2025,"Minister of Trade, Industry and Competition",1328
05/12/2024,"Minister of Trade, Industry and Competition",1776
23/10/2024,Minister of Basic Education,889
23/09/2024,Minister of Water and Sanitation,1404
06/09/2024,Minister of International Relations and Cooperation,732
01/11/2024,"Minister of Trade, Industry and Competition",701
22/10/2024,Minister of Basic Education to ask the Minister of Basic Education,640
01/10/2024,Minister of Agriculture,1126
07/10/2024,Minister of Basic Education,640
13/12/2024,Minister of Tourism,1268
13/12/2024,Minister of Mineral and Petroleum Resources,1329
30/09/2024,Minister of Agriculture,1421
01/11/2024,"Minister of Trade, Industry and Competition",1844
22/08/2024,Minister of Defence and Military Veterans,2128
31/12/2024,Minister of Basic Education,640
19/12/2024,Deputy President,596
20/12/2024,Minister of Agriculture,1421
16/10/2024,"Minister of Trade, Industry and Competition",1421
08/08/2024,Minister of Basic Education,640
01/11/2024,Minister of Public Service and Administration,2061
29/07/2024,Minister of Water and Sanitation,1329
23/09/2024,Minister of Human Settlements,1421
27/12/2024,Minister of Home Affairs,2059
19/09/2024,Minister of Justice and Constitutional Development,494
06/01/2025,Minister of Cooperative Governance and Traditional Affairs,559
15/10/2024,Minister in the Presidency,1763
04/12/2024,Minister of Police,1329
04/12/2024,Minister of Police,2018
13/09/2024,Minister of Mineral and Petroleum Resources,65
03/12/2024,Minister of Basic Education,640
26/11/2024,Minister of Basic Education,640
20/02/2025,Minister of Electricity and Energy,1853
20/02/2025,Minister of Electricity and Energy,804
01/08/2024,Minister of Cooperative Governance and Traditional Affairs,2134
06/09/2024,Minister of Home Affairs,1421
20/02/2025,Minister of Electricity and Energy,1853
04/10/2024,Minister of Transport,701
20/02/2025,Minister of Electricity and Energy,441
25/10/2024,Minister of Higher Education,644
15/11/2024,Minister of Transport,1350
03/10/2024,"Minister of Trade, Industry and Competition",701
03/10/2024,"Minister of Trade, Industry and Competition",701
15/10/2024,Minister of Home Affairs,1375
12/09/2024,Minister of Basic Education,640
11/09/2024,Minister of Basic Education,640
11/09/2024,Minister of Basic Education,1364
03/09/2024,Minister of Basic Education,1329
16/10/2024,"Minister of Trade, Industry and Competition",701
08/08/2024,Minister of Basic Education,640
15/11/2024,Minister of Social Development,1275
15/11/2024,Minister of Social Development,1275
07/01/2025,Minister of Electricity and Energy,804
02/01/2025,"Minister of Sport, Arts and Culture",1844
06/09/2024,Minister of International Relations and Cooperation,1421
17/12/2024,"Minister of Sport, Arts and Culture",740
05/08/2024,Minister of Land Reform and Rural Development,462
21/02/2025,Minister of Tourism,1268
27/12/2024,Minister of Police,1268
20/12/2024,"MINISTER OF SPORT, ARTS AND CULTURE",740
17/12/2024,"Minister of Sport, Arts and Culture",1300
13/12/2024,Minister of Finance,1999
15/11/2024,"Minister of Trade, Industry and Competition",1776
30/08/2024,Mineral and Petroleum Resources Ms,732
01/11/2024,Minister of Transport,966
12/11/2024,Minister of Public Works and Infrastructure,711
15/11/2024,Minister of International Relations and Cooperation,1421
25/10/2024,Minister of Health,1404
01/10/2024,Minister of Home Affairs,2059
25/10/2024,Minister of Transport,880
03/10/2024,Minister of Human Settlements,1304
07/08/2024,Minister of Tourism,1763
22/11/2024,Minister of Health,1329
02/01/2025,Minister of Public Service and Administration,2061
28/11/2024,Minister of Agriculture,1421
28/11/2024,Minister of Agriculture,1126
25/10/2024,Minister of Health,1803
18/11/2024,Minister of Water and Sanitation,1404
08/11/2024,Minister of Transport,762
04/10/2024,Minister of Transport,762
04/09/2024,Minister of Water and Sanitation,1404
29/11/2024,Minister of Electricity and Energy,804
13/11/2024,Minister of Tourism,1268
02/01/2025,"Minister of Sport, Arts and Culture",1844
03/10/2024,"Minister of Trade, Industry and Competition",701
21/02/2025,Minister of Correctional Services,2018
28/11/2024,Minister of Correctional Services,2018
06/01/2025,Minister of Cooperative Governance and Traditional Affairs,536
09/09/2024,"MINISTER OF SPORT, ARTS AND CULTURE",2062
27/12/2024,Minister of Agriculture,1421
06/09/2024,Minister of Home Affairs,1421
04/12/2024,"Minister of Sport, Arts and Culture",1300
25/07/2024,Minister of International Relations and Cooperation,1421
06/01/2025,Minister of Cooperative Governance and Traditional Affairs,481
16/10/2024,"Minister of Trade, Industry and Competition",701
04/10/2024,Minister of Tourism,1268
05/09/2024,Minister of Tourism,1268
24/12/2024,Minister of Communications and Digital Technologies,711
30/12/2024,Minister of Cooperative Governance and Traditional Affairs,1028
05/08/2024,Minister of Land Reform and Rural Development,1803
24/12/2024,Minister of Communications and Digital Technologies,1776
30/09/2024,"Minister of Sport, Arts and Culture",1844
02/12/2024,Minister of International Relations and Cooperation,1421
16/09/2024,Minister of International Relations and Cooperation,1421
22/10/2024,Minister of Public Works and Infrastructure,804
22/10/2024,Minister of Public Works and Infrastructure,1329
02/10/2024,Minister of Defence and Military Veterans,829
11/09/2024,Minister of Basic Education,2024
07/11/2024,Minister of Defence and Military Veterans,804
19/12/2024,Minister of Cooperative Governance and Traditional Affairs,1329
27/09/2024,Minister of Police,559
23/09/2024,Minister of Water and Sanitation,1404
24/12/2024,Minister of Communications and Digital Technologies,711
15/10/2024,Minister of Defence and Military Veterans,829
24/12/2024,Minister of Communications and Digital Technologies,711
22/10/2024,Minister of Public Works and Infrastructure,1421
28/10/2024,Minister of Human Settlements,1304
13/12/2024,Minister of Cooperative Governance and Traditional Affairs,1329
22/10/2024,Minister of Public Works and Infrastructure,1272
10/09/2024,Minister of Home Affairs,1375
07/01/2025,Minister of Electricity and Energy,804
16/09/2024,Minister of Human Settlements,1304
09/12/2024,Minister of Social Development,1774
04/10/2024,Minister of Social Development,712
04/10/2024,Minister of Water and Sanitation,1404
25/11/2024,Minister of Defence and Military Veterans,596
18/11/2024,Minister of Basic Education,640
09/09/2024,Minister of Human Settlements,1803
15/10/2024,Minister in the Presidency,1515
26/09/2024,Mineral and Petroleum Resources,1872
06/01/2025,Minister of Police,2018
13/08/2024,Minister of Health,880
17/10/2024,"Minister of Women, Youth and Persons with Disabilities",640
13/09/2024,Minister of Human Settlements,1304
03/12/2024,Minister in the Presidency,2134
23/12/2024,Public Service and Administration,1371
04/10/2024,Minister of Health,1774
19/02/2025,"Minister of Forestry, Fisheries and the Environment",804
13/12/2024,"Minister of Forestry, Fisheries and the Environment",1328
30/09/2024,Minister of Human Settlements,1304
13/09/2024,Minister of Tourism,1268
16/09/2024,Minister of Human Settlements,1304
07/10/2024,"Minister of Women, Youth and Persons with Disabilities",1774
20/09/2024,Minister of Transport,880
19/02/2025,"Minister of Forestry, Fisheries and the Environment",804
18/11/2024,Minister of Higher Education and Training,1776
01/11/2024,Minister of Tourism,1329
07/08/2024,"Minister of Trade, Industry and Competition",2128
30/09/2024,"Minister of Planning, Monitoring and Evaluation",1385
06/09/2024,Minister of Mineral and Petroleum Regulation,1872
13/09/2024,Minister of Human Settlements,1304
20/09/2024,Minister of Tourism,1268
08/01/2025,Minister of Police,1329
28/11/2024,Minister of Correctional Services,2018
31/10/2024,Minister of Basic Education,640
12/09/2024,Minister of Basic Education,1329
02/01/2025,"Minister of Sport, Arts and Culture",1844
20/12/2024,"Minister of Sport, Arts and Culture",1844
12/11/2024,Minister of Water and Sanitation,471
30/10/2024,Minister of Water and Sanitation,471
25/10/2024,"Minister of Sport, Arts and Culture",1844
01/11/2024,Minister of Tourism,1268
05/12/2024,"Minister of Trade, Industry and Competition",1776
28/11/2024,"Minister of Forestry, Fisheries and the Environment",1421
13/09/2024,Minister of Mineral and Petroleum Resources,1098
28/11/2024,Minister of Correctional Services,2018
09/10/2024,Minister of Justice and Constitutional Development,2018
13/12/2024,Minister of Tourism,1268
13/12/2024,Minister of Tourism,1268
13/09/2024,Minister of Tourism,1268
18/09/2024,Minister of Social Development,1275
01/10/2024,Minister of Agriculture,1421
09/12/2024,Minister of Police,2019
29/10/2024,"Minister of Science, Technology and Innovation",1328
13/09/2024,Minister of Mineral and Petroleum Resources Mr,65
25/10/2024,Minister of Mineral and Petroleum Resources,65
04/10/2024,Minister of Water and Sanitation,1404
07/08/2024,Minister of Tourism,1763
03/10/2024,Minister of Agriculture,1421
18/12/2024,Minister of Defence and Military Veterans,596
19/12/2024,Minister of Defence and Military Veterans,829
07/11/2024,Minister of Defence and Military Veterans,829
27/11/2024,"Minister of Sport, Arts and Culture",740
04/10/2024,Minister of Police,1275
27/11/2024,"Minister of Sport, Arts and Culture",1844
29/11/2024,Minister of Land Reform and Rural Development,1464
13/08/2024,Minister of Agriculture,1421
28/11/2024,"Minister of Trade, Industry and Competition",1421
14/11/2024,Minister of Water and Sanitation,471
11/10/2024,Minister of Police,1774
02/08/2024,Minister of Police,2134
13/08/2024,Minister of Water and Sanitation,1404
30/09/2024,Minister of Sport Arts and Culture,1300
01/11/2024,Minister of Defence and Military Veterans,596
07/08/2024,Minister of Water and Sanitation,1404
27/11/2024,Minister of Finance,1777
24/12/2024,Minister of Communications and Digital Technologies,711
10/12/2024,Minister of Basic Education,640
28/10/2024,Minister of Human Settlements,1304
02/10/2024,Minister of Employment and Labour,625
07/10/2024,Minister of Basic Education,640
08/08/2024,Minister of Basic Education,640
04/12/2024,Minister of Sport Arts and Culture,1300
05/12/2024,Minister of Home Affairs,1421
11/10/2024,Minister of Electricity and Energy,1364
01/10/2024,Minister of Electricity and Energy,1853
21/02/2025,Minister of Tourism,1268
04/10/2024,Minister of Tourism,1268
29/11/2024,Minister of Land Reform and Rural Development,1464
21/02/2025,Minister of Tourism,1268
20/12/2024,Minister of Agriculture,1300
24/02/2025,"Minister of Sport, Arts and Culture",1726
09/12/2024,Minister of Social Development,712
26/11/2024,Minister of Small Business Development,1300
15/10/2024,Minister of Defence and Military Veterans,829
21/02/2025,Minister of Tourism,1028
17/10/2024,Minister of Small Business Development,1300
06/09/2024,"Minister of Sport, Arts and Culture",1844
15/11/2024,"Minister of Trade, Industry and Competition",1776
17/12/2024,"Minister of Sport, Arts and Culture",1300
01/10/2024,Minister of Defence and Military Veterans,829
21/11/2024,Minister of Human Settlements,1304
30/08/2024,"Minister of Forestry, Fisheries and the Environment",1763
06/09/2024,"Minister of Sport, Arts and Culture",1300
13/12/2024,Minister of Higher Education,1776
28/11/2024,Minister of Land Reform and Rural Development,1421
30/09/2024,Minister of Land Reform and Rural Development,1429
07/10/2024,Minister of Basic Education,640
27/11/2024,"Minister of Sport, Arts and Culture",740
13/11/2024,Minister of Tourism,1268
08/08/2024,Minister of Basic Education,640
13/12/2024,Minister of Higher Education,1776
16/09/2024,Minister of Higher Education and Training,625
26/11/2024,Minister of Water and Sanitation,1777
22/10/2024,Minister of Water and Sanitation,471
30/10/2024,Minister of Social Development,1275
15/10/2024,Minister in the Presidency,1763
28/08/2024,Minister in the Presidency,1763
20/02/2025,Minister of Health,1803
03/10/2024,"Minister of Trade, Industry and Competition",1429
21/10/2024,Minister of Basic Education,1328
24/12/2024,Minister of Communications and Digital Technologies,711
17/12/2024,"Minister of Sport, Arts and Culture",740
15/11/2024,Minister of Social Development,1275
09/12/2024,Minister of Social Development,1424
28/11/2024,"Minister of Science, Technology and Innovation",1776
26/11/2024,Minister of Small Business Development,1300
18/11/2024,Minister of Basic Education,640
22/10/2024,Minister of Basic Education to ask the Minister of Basic Education,640
03/09/2024,Minister of Basic Education,640
09/12/2024,Minister of Social Development,1275
12/09/2024,Mineral and Petroleum Resources,1872
12/12/2024,Minister of Correctional Services,1275
03/12/2024,Minister of Basic Education,640
08/01/2025,Minister of Finance,2134
12/12/2024,Minister of Correctional Services,2018
18/09/2024,Minister of Social Development,1774
25/10/2024,Minister of Higher Education,644
03/01/2025,Minister of Social Development,1275
03/01/2025,Minister of Social Development,1275
28/11/2024,"Minister of Trade, Industry and Competition",711
03/01/2025,Minister of Social Development,712
03/12/2024,Minister of Human Settlements,1803
24/12/2024,Minister of Social Development,1275
04/10/2024,Minister of Social Development,712
18/09/2024,Minister of Social Development,1275
18/09/2024,Minister of Social Development,712
01/11/2024,Minister of Tourism,1268
04/10/2024,Minister of Health,712
28/08/2024,Minister in the Presidency,1763
02/12/2024,Minister of Water and Sanitation,1777
14/11/2024,Minister of Water and Sanitation,1777
04/10/2024,Minister of Water and Sanitation,1404
24/12/2024,Minister of Communications and Digital Technologies,711
12/11/2024,Minister of Home Affairs,1375
30/09/2024,"Minister of Planning, Monitoring and Evaluation",1385
27/11/2024,Minister of Communications and Digital Technologies,711
04/10/2024,Minister of Water and Sanitation,1404
22/10/2024,Minister of Water and Sanitation,471
13/08/2024,Minister of Water and Sanitation,1404
14/11/2024,Minister of Sport Arts and Culture,1300
04/10/2024,"Minister of Forestry, Fisheries and the Environment",707
04/10/2024,Minister of Water and Sanitation,1777
20/09/2024,Minister of Tourism,1268
10/12/2024,Minister of Basic Education,640
10/12/2024,Minister of Basic Education,640
07/11/2024,"Minister of Science, Technology and Innovation",1776
30/09/2024,Minister of Human Settlements,1304
30/08/2024,Minister of Basic Education,559
26/11/2024,Minister of Small Business Development,1421
26/11/2024,Minister of Small Business Development,1300
06/11/2024,Minister of Finance,1777
20/09/2024,Minister of Cooperative Governance and Traditional Affairs,712
06/01/2025,Minister of Social Development,1275
30/10/2024,Minister of Social Development,1275
25/10/2024,Minister of Cooperative Governance and Traditional Affairs,640
12/12/2024,Minister of Correctional Services,1275
11/10/2024,Minister of Communications and Digital Technologies,2022
09/12/2024,Minister of Social Development,1275
19/12/2024,Minister of Electricity and Energy,441
05/12/2024,Minister of Public Works and Infrastructure,640
28/11/2024,Minister of Public Works and Infrastructure,1275
10/10/2024,"Minister of Trade, Industry and Competition",1777
25/10/2024,Minister of Sport Arts and Culture,1300
21/02/2025,Minister of Tourism,1268
07/08/2024,Minister of Tourism,1763
07/11/2024,Minister of Defence and Military Veterans,829
23/12/2024,Minister of Small Business Development,1300
06/01/2025,Minister of Communications and Digital Technologies,711
06/01/2025,Minister of Justice and Constitutional Development,1777
13/11/2024,Minister of Justice and Constitutional Development,1304
02/10/2024,Minister of Defence and Military Veterans,829
01/10/2024,Minister of Electricity and Energy,2124
14/08/2024,"Minister of Sport, Arts and Culture",707
17/10/2024,Minister of Small Business Development,1300
25/10/2024,Minister of Health,1404
04/12/2024,"Minister of Sport, Arts and Culture",740
24/12/2024,Minister of Social Development,1275
12/11/2024,"Minister of Sport, Arts and Culture",740
07/10/2024,Minister of Cooperative Governance and Traditional Affairs,1272
14/10/2024,Minister of Employment and Labour,153
04/12/2024,Minister of Higher Education,1776
28/11/2024,"Minister of Trade, Industry and Competition",1776
04/12/2024,Minister of Health,1421
15/10/2024,Minister of Defence and Military Veterans,2121
03/10/2024,Minister of Human Settlements,1404
08/01/2025,Minister of Defence and Military Veterans,829
08/11/2024,Minister of Justice and Constitutional Development,711
19/11/2024,Minister of Human Settlements,1100
13/12/2024,Minister of Tourism,1268
01/11/2024,Minister of Tourism,1268
01/10/2024,Minister of Defence and Military Veterans,829
27/11/2024,Minister of Defence and Military Veterans,596
15/11/2024,Minister of Health,1275
20/09/2024,Minister of Tourism,1268
04/12/2024,"Minister of Sport, Arts and Culture",1300
25/09/2024,"Minister of Sport, Arts and Culture”",1300
21/10/2024,Minister of Basic Education,1803
13/11/2024,Minister of Tourism,1268
13/11/2024,Minister of Tourism,1268
23/08/2024,Minister of Cooperative Governance and Traditional Affairs,1421
30/08/2024,"Minister of Forestry, Fisheries and the Environment",1763
30/09/2024,Minister of Finance,762
06/01/2025,Minister of Employment and Labour,1300
05/12/2024,"Minister of Trade, Industry and Competition",1776
08/08/2024,Minister of Basic Education,1803
19/09/2024,Minister of Home Affairs,1421
31/07/2024,Minister of Finance,1872
22/11/2024,Minister of Health,1404
03/10/2024,Minister of Agriculture,1777
27/11/2024,Minister of Finance,1144
04/10/2024,Minister of Water and Sanitation,1404
29/07/2024,Minister of Water and Sanitation,1404
30/09/2024,Minister of Cooperative Governance and Traditional Affairs,712
20/12/2024,Minister of Land Reform and Rural Development,1421
06/01/2025,"Minister of Trade, Industry and Competition",1776
24/12/2024,Minister of Communications and Digital Technologies,1844
25/09/2024,"Minister of Science, Technology and Innovation",1776
13/12/2024,Minister of Justice and Constitutional Development,711
12/11/2024,Minister of Water and Sanitation,471
01/11/2024,Minister of Water and Sanitation,471
17/12/2024,"Minister of Sport, Arts and Culture",1844
22/10/2024,Minister of Water and Sanitation,1777
15/11/2024,Minister of Employment and Labour,1404
07/10/2024,Minister of Basic Education to ask the Minister of Basic Education,640
11/09/2024,Minister of Basic Education,640
17/12/2024,"Minister of Sport, Arts and Culture",740
31/07/2024,Minister of Finance,1872
08/10/2024,"Minister of Sport, Arts and Culture",740
09/12/2024,Minister of Social Development [561] [Question submitted for oral reply now placed for written reply because it is more than quota (Rule 137(8))],1774
09/12/2024,Minister of Police,1421
03/01/2025,Minister of Higher Education and Training,1776
06/01/2025,Minister of Justice and Constitutional Development,1344
11/12/2024,Minister of Water and Sanitation,471
26/11/2024,Minister of Water and Sanitation,1421
07/08/2024,Minister of Water and Sanitation,559
30/12/2024,Minister of Cooperative Governance and Traditional Affairs,596
19/09/2024,Minister of Justice and Constitutional Development,1429
08/11/2024,"Minister of Sport, Arts and Culture",1844
15/11/2024,Minister of Health,1803
30/09/2024,"Minister of Sport, Arts and Culture",1844
08/01/2025,Minister of Electricity and Energy,1853
18/12/2024,Minister of Water and Sanitation,471
08/01/2025,Minister of Electricity and Energy,1853
01/10/2024,Minister of Home Affairs,1375
01/10/2024,Minister of Home Affairs,1375
19/11/2024,Minister of Defence and Military Veterans,596
06/09/2024,Minister of Employment and Labour,625
11/12/2024,Minister of Health,1363
13/12/2024,Minister of Cooperative Governance and Traditional Affairs,2120
27/11/2024,Deputy President,2120
06/09/2024,Minister of Mineral and Petroleum Resources Mr,2120
16/09/2024,Minister of Finance,2135
15/11/2024,Minister of Employment and Labour,1368
25/10/2024,"Minister of Women, Youth and Persons with Disabilities",1312
07/11/2024,Minister of Defence and Military Veterans,813
20/12/2024,"Minister of Forestry, Fisheries and the Environment",1750
19/02/2025,Deputy President,1729
04/12/2024,"Minister of Sport, Arts and Culture",1729
28/11/2024,"Minister of Forestry, Fisheries and the Environment",1699
11/10/2024,Minister of Communications and Digital Technologies,1064
06/12/2024,Minister of Health,1077
12/11/2024,Minister of Health,1077
04/10/2024,Minister of Health,1077
29/07/2024,Minister of Water and Sanitation,1839
29/07/2024,Minister of Water and Sanitation,1839
21/11/2024,Minister of Employment and Labour,638
25/10/2024,Minister of Higher Education,638
27/12/2024,Minister of Home Affairs,981
07/10/2024,Minister of Agriculture,813
20/02/2025,Minister of Health,1077
30/10/2024,Minister of Home Affairs,981
01/08/2024,Minister of Health,1077
01/08/2024,Minister of Health,1077
25/02/2025,Minister of Water and Sanitation,1714
19/02/2025,Minister of Human Settlement,1714
23/12/2024,Minister of Higher Education and Training,638
06/11/2024,Minister of Higher Education,638
22/11/2024,Minister of International Relations and Cooperation,1363
01/11/2024,Minister of Agriculture,813
20/02/2025,"Minister of Planning, Monitoring and Evaluation",473
13/08/2024,Minister of Home Affairs,981
09/10/2024,Minister of Water and Sanitation,2132
29/07/2024,Minister of Water and Sanitation,1839
28/11/2024,Minister of Agriculture,813
25/11/2024,Minister of Defence and Military Veterans,2135
12/11/2024,Minister of Higher Education and Training,1843
19/02/2025,Minister Of Public Works and Infrastructure,1880
22/02/2025,Minister of Basic Education,454
27/12/2024,Minister of Home Affairs,981
27/12/2024,Minister of Home Affairs,981
06/12/2024,Minister of International Relations and Cooperation,1363
26/11/2024,Minister of Health,1077
20/12/2024,Minister of Transport,517
22/02/2025,"Minister of Women, Youth and Persons with Disabilities",1312
21/02/2025,Minister of Basic Education,1444
21/02/2025,Minister of Basic Education,583
21/02/2025,Minister of Basic Education,583
19/02/2025,Minister of Basic Education,1368
22/02/2025,Minister of Basic Education,185
09/10/2024,Minister in the Presidency,1064
20/12/2024,Minister of Agriculture,813
06/09/2024,Minister of International Relations and Cooperation,1363
12/11/2024,Minister of Health,1077
09/10/2024,Minister in the Presidency,1351
04/10/2024,Minister of Health,1077
27/12/2024,Minister of Police,1880
29/11/2024,Minister of Land Reform and Rural Development,818
25/07/2024,Minister of International Relations and Cooperation,2135
03/01/2025,Minister of Defence and Military Veterans,813
01/11/2024,Minister of Basic Education,1444
20/02/2025,"Minister of Planning, Monitoring and Evaluation",473
13/12/2024,Minister of Transport,517
24/12/2024,Minister of Communications and Digital Technologies,1064
02/12/2024,Minister of International Relations and Cooperation,1363
18/12/2024,Minister of Health,1077
05/12/2024,"Minister of Trade, Industry and Competition",1729
18/12/2024,Minister of Agriculture,746
07/08/2024,Minister of Water and Sanitation,529
14/11/2024,Minister of Water and Sanitation,1839
14/11/2024,Minister of Water and   Sanitation,1719
06/01/2025,Minister of Public Works and Infrastructure,473
08/10/2024,Minister of Police,554
24/12/2024,Minister of Communications and Digital Technologies,957
14/08/2024,"Minister of Sport, Arts and Culture",1719
25/09/2024,Minister of Justice and Constitutional Development,1080
13/12/2024,Minister of International Relations and Cooperation,2135
07/10/2024,"Minister of Women, Youth and Persons with Disabilities",529
25/07/2024,Minister of International Relations and Cooperation,2135
09/12/2024,Minister of Police,554
25/10/2024,Minister of Health,1077
18/11/2024,Minister of Police,2123
03/12/2024,Minister of Basic Education,981
04/12/2024,Minister of Water and Sanitation,1714
05/09/2024,Minister of Tourism,291
29/07/2024,Minister of Water and Sanitation,981
03/12/2024,"Minister of Women, Youth and Persons with Disabilities",1312
03/01/2025,Minister of Defence and Military Veterans,813
03/01/2025,Minister of Defence and Military Veterans,813
28/10/2024,Minister of Agriculture,813
05/12/2024,"Minister of Trade, Industry and Competition",583
24/12/2024,Minister of International Relations and Cooperation,1363
23/12/2024,President of the Republic,1363
23/12/2024,President of the Republic,1363
21/10/2024,Minister of Basic Education,1444
23/09/2024,Minister of Water and Sanitation,1444
04/10/2024,Minister of Health,1077
16/09/2024,Minister of Health,1077
19/08/2024,Minister of Health,1077
07/10/2024,Minister of Higher Education and Training,1843
25/10/2024,Minister of Basic Education,583
11/12/2024,Mineral and Petroleum Resources,1842
23/12/2024,Minister of Police,813
16/10/2024,Minister of International Relations and Cooperation,1368
13/12/2024,Minister of International Relations and Cooperation,2135
13/12/2024,Minister of International Relations and Cooperation,2135
04/10/2024,Minister of Police,1444
01/11/2024,Minister of Transport,517
06/09/2024,Minister of Finance,2135
20/09/2024,Minister of Cooperative Governance and Traditional Affairs,961
11/11/2024,Minister of Correctional Services,1080
23/10/2024,Minister of Correctional Services,1080
19/09/2024,Minister of Correctional Services,1080
28/08/2024,Minister of Police,1714
10/12/2024,Minister of Basic Education,1368
17/12/2024,Minister of Police,813
07/01/2025,Minister of Higher Education and Training,638
03/01/2025,Minister of Land Reform and Rural Development,818
23/10/2024,Minister of Correctional Services,1080
08/11/2024,Minister of Transport,517
02/08/2024,"Minister of Planning, Monitoring and Evaluation",1351
11/10/2024,Minister of Communications and Digital Technologies,1064
17/12/2024,Minister of Police,1351
17/12/2024,Minister of Police,583
22/11/2024,Minister of Health,1077
29/11/2024,Minister of Agriculture,813
23/10/2024,Minister of Agriculture,746
12/09/2024,Minister of Mineral and Petroleum Resources,1719
18/12/2024,Minister of Basic Education,1368
18/12/2024,Minister of Basic Education,583
14/10/2024,Minister of Agriculture,2132
08/01/2025,Minister of Police,583
06/01/2025,Minister of Police,1351
24/12/2024,Minister of Communications and Digital Technologies,1064
12/11/2024,Minister of Mineral and Petroleum Resources,1351
12/09/2024,Minister of Public Service and Administration,185
23/12/2024,Minister of Police,1880
01/10/2024,Minister of Defence and Military Veterans,813
07/01/2025,Minister of Public Works and Infrastructure,1368
07/10/2024,President of the Republic,1351
17/12/2024,Minister of Police,1880
12/11/2024,Minister of Correctional Services,1080
30/09/2024,Minister of Small Business Development,1719
12/11/2024,Minister of Mineral and Petroleum Resources,1351
23/09/2024,Minister of Health,1077
07/10/2024,Minister of Correctional Services,1080
15/11/2024,Minister of Employment and Labour,1368
19/09/2024,Minister of Correctional Services,1080
07/10/2024,"Minister of Women, Youth and Persons with Disabilities",1312
18/09/2024,Minister of Social Development,1714
28/10/2024,Minister of Communications and Digital Technologies,1064
04/12/2024,Minister of Public Service and Administration,583
07/01/2025,Minister of Public Works and Infrastructure,291
09/09/2024,Minister of Public Works and Infrastructure,1351
30/12/2024,Minister of Police,813
11/11/2024,Minister of Higher Education and Training,638
17/10/2024,Minister of Justice and Constitutional Development,621
07/11/2024,"Minister of Forestry, Fisheries and the Environment",554
03/12/2024,"Minister of Women, Youth and Persons with Disabilities",529
26/11/2024,Minister of Police,583
06/09/2024,Minister of Health,1077
14/10/2024,Minister of Agriculture,746
04/09/2024,Minister of Agriculture,583
21/11/2024,Minister of Human Settlements,1714
01/11/2024,"Minister of Trade, Industry and Competition",554
18/11/2024,Minister of Police,1880
07/10/2024,Minister of Cooperative Governance and Traditional Affairs,1302
19/02/2025,Minister of Public Works and Infrastructure,1368
06/01/2025,Minister of Basic Education,1368
03/01/2025,Minister of Defence and Military Veterans,813
18/12/2024,Minister of Agriculture,746
03/10/2024,Minister of Agriculture,1729
25/10/2024,Minister of Employment and Labour,1368
30/09/2024,Minister of Finance,583
06/11/2024,Minister of Higher Education and Training,1843
25/11/2024,Minister of Defence and Military Veterans,813
04/09/2024,Minister of Correctional Services,1080
23/09/2024,Minister of Public Service and Administration,583
06/09/2024,Minister of Transport,517
04/10/2024,Minister of Health,1842
08/08/2024,Minister of Basic Education,1351
22/10/2024,Minister of Water and Sanitation,583
01/11/2024,Minister of Transport,517
04/10/2024,Minister of Police,1880
08/11/2024,"Minister of Sport, Arts and Culture",1729
11/02/2025,Minister of Correctional Services,911
02/08/2024,Minister of International Relations and Cooperation,2135
31/07/2024,Minister of Police,1880
15/11/2024,Minister of Health,1077
26/09/2024,"Minister of Sport, Arts and Culture",583
03/12/2024,"Minister of Women, Youth and Persons with Disabilities",529
15/10/2024,Minister of Police,1880
08/10/2024,Minister of Justice and Constitutional Development,638
25/10/2024,Minister of Transport,517
25/10/2024,Minister of Transport,517
30/10/2024,Minister of Police,1880
17/10/2024,Minister of Small Business Development,1719
05/12/2024,"Minister of Trade, Industry and Competition",554
13/08/2024,Minister of Home Affairs,746
28/11/2024,Minister of Agriculture,813
22/08/2024,Minister of Defence and Military Veterans,1351
26/11/2024,Minister of Police,583
06/09/2024,Minister of Water and Sanitation,1839
12/11/2024,Minister of Water and Sanitation,1719
12/08/2024,Minister of Finance,1351
06/09/2024,Minister of Finance,2135
06/09/2024,Minister of Finance,2135
25/10/2024,Minister of Transport,517
24/02/2025,"Minister of Sport, Arts and Culture",1729
08/11/2024,"Minister of Sport, Arts and Culture",1729
10/09/2024,Minister of Police,1880
14/10/2024,Minister of Mineral and Petroleum Resources,818
04/10/2024,Minister of Social Development,2132
11/10/2024,Minister of Finance,554
28/08/2024,Minister of Police,1880
24/12/2024,Minister of Communications,1064
24/12/2024,Minister of Communications and Digital Technologies,1064
04/12/2024,"Minister of Sport, Arts and Culture",1729
21/10/2024,Minister of Basic Education to ask the Minister of Basic Education,1729
07/01/2025,Minister of Higher Education and Training,638
30/09/2024,"Minister of Planning, Monitoring and Evaluation",583
04/10/2024,Minister of Health,1729
05/12/2024,"Minister of Trade, Industry and Competition",583
09/12/2024,President of the Republic,1351
07/10/2024,Minister of Police,517
01/11/2024,Minister of Transport,517
01/10/2024,Minister of Electricity and Energy,583
04/12/2024,"Minister of Sport, Arts and Culture",1729
03/01/2025,Minister of Land Reform and Rural Development,2132
21/11/2024,Minister in the Presidency,1351
28/11/2024,Minister of Land Reform and Rural Development,1880
27/11/2024,Minister of Public Works and Infrastructure,1080
11/12/2024,Mineral and Petroleum Resources,1351
06/01/2025,Minister of Public Works and Infrastructure,1714
03/01/2025,Minister of Land Reform and Rural Development,818
06/11/2024,Minister of Higher Education,638
02/08/2024,"Minister of Planning, Monitoring and Evaluation",818
14/11/2024,Minister of Agriculture,746
07/10/2024,Minister of Agriculture,746
05/08/2024,Minister of Agriculture,1719
06/09/2024,Minister of Finance,2135
13/08/2024,Minister of Home Affairs [,746
13/12/2024,Minister of Cooperative Governance and Traditional Affairs,1729
09/12/2024,President of the Republic,692
28/11/2024,Minister of Mineral and Petroleum Resources,1842
06/01/2025,Minister of Public Works and Infrastructure,1714
25/10/2024,Minister of Health,1842
27/11/2024,Minister of Justice and Constitutional Development,1080
14/11/2024,Minister of Agriculture,813
20/02/2025,Minister of Cooperative Governance and Traditional Affairs,1880
06/11/2024,Minister of Finance,1729
13/08/2024,Minister of Police,1880
15/11/2024,"Minister of Trade, Industry and Competition",583
09/12/2024,Minister of Police,813
09/12/2024,Minister of Police,1842
26/11/2024,Minister of Health,1842
31/07/2024,Minister of Police,1351
24/12/2024,Minister of Communications and Digital Technologies,1729
20/11/2024,Minister of Finance,1729
26/02/2025,Minister of Defence and Military Veterans,813
04/10/2024,Minister of Tourism,2135
11/10/2024,Minister of Communications and Digital Technologies;,1064
23/10/2024,Minister of Agriculture,746
06/01/2025,Minister of Human Settlements,1714
16/09/2024,Minister of Higher Education and Training,1843
06/12/2024,Minister of Agriculture,746
30/08/2024,"Minister of Trade, Industry and Competition",818
06/12/2024,Minister of Agriculture,746
06/12/2024,Minister of Agriculture,746
01/11/2024,Minister of Agriculture,746
28/11/2024,"Minister of Trade, Industry and Competition",1729
11/12/2024,Minister of Health,1842
28/10/2024,Minister of Communications and Digital Technologies,1064
25/10/2024,Minister of Higher Education,1843
25/10/2024,Minister of Higher Education,1843
11/11/2024,"Minister of Sport, Arts and Culture",1729
01/11/2024,"Minister of Trade, Industry and Competition",1729
06/11/2024,Minister of Higher Education and Training,1843
11/10/2024,Minister of Communications and Digital Technologies,1064
02/01/2025,Minister of Mineral and Petroleum Resources,1842
01/11/2024,Minister of Mineral and Petroleum Resources,1842
16/09/2024,Minister of Higher Education and Training,1843
15/11/2024,Minister of Health,1842
25/09/2024,Minister of Justice and Constitutional Development,1080
24/12/2024,Minister of Social Development,1714
13/12/2024,Minister of Higher Education,1843
11/12/2024,Minister of Mineral and Petroleum Resources,1842
06/12/2024,Minister of Health,1842
04/10/2024,Minister of Health,1842